{
  "metrics": {
    "accuracy": 0.844903988183161,
    "precision": 0.8838709677419355,
    "recall": 0.7988338192419825,
    "f1_score": 0.8392036753445635
  },
  "confusion_matrix": [
    [
      298,
      36
    ],
    [
      69,
      274
    ]
  ]
}